,0,ID,Time,Predicted Time
0,155,913505.0,14.0,18.43442216257702
1,17,851509.0,10.0,15.60290802860996
2,159,91485.0,11.0,19.60138914354343
3,114,8910988.0,5.0,13.369173191363672
4,13,847990.0,36.0,40.26150714149338
5,37,857010.0,8.0,20.98616760368401
6,39,857438.0,48.0,39.04171794350083
7,112,889719.0,37.0,28.66633184525051
8,42,858986.0,34.0,37.32765374994645
9,40,857637.0,11.0,18.742292948741806
